id,task_id,text,author,timestamp,created_at
c1,t3,"Great progress on the recommendation algorithm! The collaborative filtering approach is working well. Let's add content-based filtering as a fallback.",u1,2026-01-10T10:30:00Z,2026-01-10T10:30:00Z
c2,t3,"I agree! I've also been looking into hybrid models that combine both approaches. Will have a prototype ready by next week.",u2,2026-01-10T11:15:00Z,2026-01-10T11:15:00Z
c3,t4,"The wireframes look amazing! Just a suggestion - can we add dark mode support? Many students study late at night.",u7,2026-01-08T09:00:00Z,2026-01-08T09:00:00Z
c4,t4,"Absolutely! Dark mode is definitely on the list. I'll include it in the next iteration of mockups.",u2,2026-01-08T09:45:00Z,2026-01-08T09:45:00Z
c5,t12,"The carbon footprint analysis is revealing some interesting patterns. Transportation seems to be the biggest contributor.",u7,2026-01-05T09:30:00Z,2026-01-05T09:30:00Z
c6,t12,"Good finding! We should create a separate visualization focusing on transportation alternatives.",u2,2026-01-05T14:00:00Z,2026-01-05T14:00:00Z
c7,t15,"Smart contract deployment successful on testnet! All unit tests passing. Ready for security review.",u1,2026-01-09T12:00:00Z,2026-01-09T12:00:00Z
c8,t15,"Excellent work! I'll schedule the security audit for next week. Let's also document the contract API.",u4,2026-01-09T13:30:00Z,2026-01-09T13:30:00Z
c9,t18,"The VR chemistry lab simulation is looking realistic! The molecular interactions are smooth.",u7,2026-01-06T13:00:00Z,2026-01-06T13:00:00Z
c10,t18,"Thanks! Still working on making the UI more intuitive. VR controls can be tricky for first-time users.",u3,2026-01-06T15:00:00Z,2026-01-06T15:00:00Z
